

—---------------------------------------------INSERT DORM—------------------------------------------

INSERT INTO DORM (DID,DNAME, DDESCRIPTION, DLOCATION, CID, USERID) VALUES
 (1,'สุรัชนี', 'หอพักที่นี่เป็นสถานที่อยู่อาศัยที่มีการตกแต่งทันสมัยและสะดวกสบายในทุกด้าน', '9/9  ซอยหนองนอนไม่หลับ ต.ในเมือง อ.เมือง จ.บึงกาฬ 38000', 27, 3);
INSERT INTO DORM (DID,DNAME, DDESCRIPTION, DLOCATION, CID, USERID) VALUES
  (2,'เปี่ยมอรุณ', 'ห้องพักมีการจัดเรียงพื้นที่อย่างเป็นระเบียบและมีเฟอร์นิเจอร์ที่ทันสมัย', '56/24  ซอยน้ำปลากวน ต.ในเมือง อ.เมือง จ.ชลบุรี 20000', 9, 6);
INSERT INTO DORM (DID,DNAME, DDESCRIPTION, DLOCATION, CID, USERID) VALUES
  (3,'ฝัดโชย', 'ทุกห้องมีระเบียงส่วนตัวที่มองเห็นวิวที่งดงามของเมือง', '84/58  ซอยหมูย่างกรอบ ต.ในเมือง อ.เมือง จ.ตรัง 92000', 15, 8);
INSERT INTO DORM (DID,DNAME, DDESCRIPTION, DLOCATION, CID, USERID) VALUES
  (4,'กัลยรัตน์', 'หอพักนี้มีระบบรักษาความปลอดภัยที่ดี เข้าถึงได้ด้วยการใช้คีย์การ์ด', '
85/69  ซอยไตปลาหรอยหนัด ต.ในเมือง อ.เมือง จ.พะเยา 83000', 34, 10);
INSERT INTO DORM (DID,DNAME, DDESCRIPTION, DLOCATION, CID, USERID) VALUES
  (5,'แตงกวา', 'มีพื้นที่ส่วนกลางที่น่าสนใจที่ผู้อยู่อาศัยสามารถนั่งพักผ่อนและพบปะกับเพื่อนบ้านได้', '79/32  ซอยปูไข่ดอง ต.ในเมือง อ.เมือง จ.กาญจนบุรี 71000', 3, 13);
INSERT INTO DORM (DID,DNAME, DDESCRIPTION, DLOCATION, CID, USERID) VALUES
  (6,'เจเจ', 'บริการอินเทอร์เน็ตความเร็วสูงมีให้ทุกห้อง', '5/5  ซอยชะมวงสูง ต.ในเมือง อ.เมือง จ.ลพบุรี 15000', 52, 16);
INSERT INTO DORM (DID,DNAME, DDESCRIPTION, DLOCATION, CID, USERID) VALUES
  (7,'บ้านกิตติธัช', 'มีห้องครัวร่วมสำหรับผู้พักที่ต้องการทำอาหารเอง', '9/2  ซอยเพลาเหงาจัง ต.ในเมือง อ.เมือง จ.พะเยา 56000', 34, 19);
INSERT INTO DORM (DID,DNAME, DDESCRIPTION, DLOCATION, CID, USERID) VALUES
  (8,'สมชาย', 'การบริการทำความสะอาดห้องเสมอมีความเอาใจใส่และประทับใจ', '2/65  ซอยพัฒนา5 ต.ในเมือง อ.เมือง จ.นครศรีธรรมราช 80000', 22, 23);
INSERT INTO DORM (DID,DNAME, DDESCRIPTION, DLOCATION, CID, USERID) VALUES
  (9,'ศรัญญา', 'หอพักนี้ตั้งอยู่ใกล้กับสถานที่สาธารณะและสิ่งอำนวยความสะดวกต่างๆ', '65/9  ซอยหรอยแรงน้องบ่าว ต.ในเมือง อ.เมือง จ.สตูล 91000', 59, 25);
INSERT INTO DORM (DID,DNAME, DDESCRIPTION, DLOCATION, CID, USERID) VALUES
  (10,'ธัญญลักษณ์', 'มีที่จอดรถสำหรับผู้พักที่มีรถส่วนตัว', '19/6  ซอยต้นไทรงาม ต.ในเมือง อ.เมือง จ.นครปฐม 73000', 19, 28);
INSERT INTO DORM (DID,DNAME, DDESCRIPTION, DLOCATION, CID, USERID) VALUES
  (11,'บีบีคอร์ท', 'ห้องซักผ้าและระบบซักรีดสะดวกสบายสำหรับผู้พัก', '19/37  ซอยหนองบัวปลาร้า ต.ในเมือง อ.เมือง จ.ฉะเชิงเทรา 24000', 8, 3);
INSERT INTO DORM (DID,DNAME, DDESCRIPTION, DLOCATION, CID, USERID) VALUES
  (12,'ธารา', 'การบริการลูกค้าเป็นที่น่าพึงพอใจ พร้อมให้ความช่วยเหลือตลอดเวลา', '79/56  ซอยแกงส้มหน่อไม้ ต.ในเมือง อ.เมือง จ.พัทลุง 93000', 36, 10);
INSERT INTO DORM (DID,DNAME, DDESCRIPTION, DLOCATION, CID, USERID) VALUES
  (13,'อร่ามศรี', 'มีโปรแกรมกิจกรรมสำหรับนักอยู่อาศัย เช่น งานสังสรรค์และกิจกรรมชุมนุม', '256/8  ซอยมะม่วงดิบ ต.ในเมือง อ.เมือง จ.ตาก 63000', 17, 19);
INSERT INTO DORM (DID,DNAME, DDESCRIPTION, DLOCATION, CID, USERID) VALUES
  (14,'กมล', 'มีระบบทำความเย็นและระบบทำน้ำอุ่นในทุกห้อง', '35/7  ซอยหนองยาพอง ต.ในเมือง อ.เมือง จ.กำแพงเพชร 62000', 5, 19);
INSERT INTO DORM (DID,DNAME, DDESCRIPTION, DLOCATION, CID, USERID) VALUES
  (15,'ถาวรพฤกษ์','ความเงียบสงบและมีบรรยากาศที่เป็นกันเองสำหรับการพักผ่อนที่ดี', '15/12 ซอยเพชรเขียว ต.ในเมือง อ.เมือง จ.สกลนคร 47000', 57, 28);






—---------------------------------------------INSERT FacilityList—------------------------------------------

INSERT INTO FacilityList (FID, Ftype)  VALUES
  (1, 'โต๊ะ'); 
INSERT INTO FacilityList (FID, Ftype)  VALUES
  (2, 'ตู้เสื้อผ้า');
INSERT INTO FacilityList (FID, Ftype)  VALUES
  (3, 'ตู้เย็น');
INSERT INTO FacilityList (FID, Ftype)  VALUES
  (4, 'ชั้นวางของ');
INSERT INTO FacilityList (FID, Ftype)  VALUES
  (5, 'เครื่องทำน้ำอุ่น')
INSERT INTO FacilityList (FID, Ftype)  VALUES
  (6, 'เตียงนอน')
INSERT INTO FacilityList (FID, Ftype)  VALUES
(7, 'แอร์')
INSERT INTO FacilityList (FID, Ftype)  VALUES
(8, 'พัดลม');




9/9  ซอยหนองนอนไม่หลับ ต.ในเมือง อ.เมือง จ.บึงกาฬ 38000
 


















—-----------------------------------ไว้ดู—--------------------------------
ไว้ดู
INSERT INTO CITY  ( CID,CName,  COUNTRYID)
VALUES
(76,'อุทัยธานี', 1);
INSERT INTO CITY  ( CID,CName,  COUNTRYID)
VALUES
(77,'อุบลราชธานี', 1);


CREATE TABLE CONTRACT (
  ContractID INT NOT NULL,
  CStartDate DATE NOT NULL,
  CEndDate DATE NOT NULL,
  CDeposite INT,
  CPrice INT,
  RID INT NOT NULL,
  DID INT NOT NULL,
  USERID VARCHAR(255) NOT NULL,
  CRoomNo INT NOT NULL,
  CONSTRAINT CONTRACT_PK PRIMARY KEY (ContractID),
  CONSTRAINT CONTRACT_FK_RID FOREIGN KEY (RID) REFERENCES ROOMTYPE(RID),
  CONSTRAINT CONTRACT_FK_DID FOREIGN KEY (DID) REFERENCES Dorm(DID),
  CONSTRAINT CONTRACT_FK_USERID FOREIGN KEY (USERID) REFERENCES DORMUSER(USERID)
);

—-----------------------------------INSERT CONTACT—--------------------------------
INSERT INTO CONTACT (ContractID,CStartDate,  CEndDate,CDeposite ,CPrice,RID,DID,USERID,CRoomNo)
VALUES
(1,TO_DATE('2023-t-t', 'YYYY/MM/DD'),TO_DATE('2023-t-t', 'YYYY/MM/DD') ,5000,);
INSERT INTO CITY  ( CID,CName,  COUNTRYID)
VALUES
(77,'อุบลราชธานี', 1);







—-----------------------------------INSERT BILLTYPE—--------------------------------

INSERT INTO BILLDETAILTYPE  (  BDTYPE, BDTYPENAME)
VALUES
(1, 'ค่าน้ำ');
INSERT INTO BILLDETAILTYPE  (  BDTYPE, BDTYPENAME)
VALUES
(2, 'ค่าไฟ');
INSERT INTO BILLDETAILTYPE  (  BDTYPE, BDTYPENAME)
VALUES
(3, 'ค่าอื่นๆ');





























—----------------insert Roomtype—------------------
Roomtype (เพิ่มใน er diagram เพิ่ม)
	RID: INT (PK)
RName: VARCHAR
RSize:INT  
	Rprice: INT
	DID: INT (FK)


INSERT INTO ROOMTYPE (RID, RNAME, RSize,RPRICE, DID)
VALUES (1,'ห้องเปล่า',28,3500,1)
INSERT INTO ROOMTYPE (RID, RNAME, RSize,RPRICE, DID)
VALUES (2,'ห้องเปล่า+เฟอร์นิเจอร์',28,3700,1)
INSERT INTO ROOMTYPE (RID, RNAME, RSize,RPRICE, DID)
VALUES (3,'ห้องเปล่า+แอร์',28,3700,1)
INSERT INTO ROOMTYPE (RID, RNAME, RSize,RPRICE, DID)
VALUES (4,'ห้องเปล่า+เฟอร์นิเจอร์+แอร์',28,4000,1)
INSERT INTO ROOMTYPE (RID, RNAME, RSize,RPRICE, DID)
VALUES (1,'ห้องเปล่า',30,4000,2)
INSERT INTO ROOMTYPE (RID, RNAME, RSize,RPRICE, DID)
VALUES (2,'ห้องเปล่า+เฟอร์นิเจอร์',30,4300,2)
INSERT INTO ROOMTYPE (RID, RNAME, RSize,RPRICE, DID)
VALUES (3,'ห้องเปล่า+แอร์',30,4500,2)
INSERT INTO ROOMTYPE (RID, RNAME, RSize,RPRICE, DID)
VALUES (4,'ห้องเปล่า+เฟอร์นิเจอร์+แอร์',30,5000,2)






CREATE TABLE BILLDETAIL (
  BDID INT NOT NULL,
  BDName VARCHAR(10),
  BDPrice INT,
  BDType INT,
  DID INT,
  CONSTRAINT BILLDETAIL_PK PRIMARY KEY (BDID),
  CONSTRAINT BILLDETAIL_FK_BDTYPE FOREIGN KEY (BDType) REFERENCES BILLDETAILTYPE (BDType),
  CONSTRAINT BILLDETAIL_FK_DID FOREIGN KEY (DID) REFERENCES DORM(DID)
);


—-----------------------------------INSERT BILLTYPE—--------------------------------

INSERT INTO BILLDETAILTYPE  (  BDTYPE, BDTYPENAME)
VALUES
(1, 'ค่าน้ำ');
INSERT INTO BILLDETAILTYPE  (  BDTYPE, BDTYPENAME)
VALUES
(2, 'ค่าไฟ');
INSERT INTO BILLDETAILTYPE  (  BDTYPE, BDTYPENAME)
VALUES
(3, 'ค่าอื่นๆ');






—-------------------------------------------INSERT BILLDETAIL—----------------------------------------

INSERT INTO BILLDETAIL (BDID,BName,BDPrice,BDType,DID) VALUES (1,ค่าน้ำหอไก่,15,1,1) 
INSERT INTO BILLDETAIL (BDID,BName,BDPrice,BDType,DID) VALUES (2,ไฟหอไก่,7,2,1)

INSERT INTO BILLDETAIL (BDID,BName,BDPrice,BDType,DID)
VALUES
(1,'ค่าน้ำ', 19,1,1);
INSERT INTO BILLDETAIL (BDID,BName,BDPrice,BDType,DID)
VALUES
(2,'ค่าไฟฟ้า', 9,2,1);
INSERT INTO BILLDETAIL (BDID,BName,BDPrice,BDType,DID)
VALUES
(3,'ค่าน้ำ', 17,1,2);
INSERT INTO BILLDETAIL (BDID,BName,BDPrice,BDType,DID)
VALUES
(4,'ค่าไฟฟ้า', 6,2,2);
INSERT INTO BILLDETAIL (BDID,BName,BDPrice,BDType,DID)
VALUES
(5,'ค่าน้ำ', 15,1,3);
INSERT INTO BILLDETAIL (BDID,BName,BDPrice,BDType,DID)
VALUES
(6,'ค่าไฟฟ้า', 10,2,3);
INSERT INTO BILLDETAIL (BDID,BName,BDPrice,BDType,DID)
VALUES
(7,'ค่าน้ำ', 20,1,4);
INSERT INTO BILLDETAIL (BDID,BName,BDPrice,BDType,DID)
VALUES
(8,'ค่าไฟฟ้า', 7,2,4);
INSERT INTO BILLDETAIL (BDID,BName,BDPrice,BDType,DID)
VALUES
(9,'ค่าน้ำ', 16,1,5);
INSERT INTO BILLDETAIL (BDID,BName,BDPrice,BDType,DID)
VALUES
(10,'ค่าไฟฟ้า', 7,2,5);
INSERT INTO BILLDETAIL (BDID,BName,BDPrice,BDType,DID)
VALUES
(11,'ค่าน้ำ', 18,1,6);
INSERT INTO BILLDETAIL (BDID,BName,BDPrice,BDType,DID)
VALUES
(12,'ค่าไฟฟ้า', 6,2,6);
INSERT INTO BILLDETAIL (BDID,BName,BDPrice,BDType,DID)
VALUES
(13,'ค่าน้ำ', 16,1,7);
INSERT INTO BILLDETAIL (BDID,BName,BDPrice,BDType,DID)
VALUES
(14,'ค่าไฟฟ้า', 8,2,7);
INSERT INTO BILLDETAIL (BDID,BName,BDPrice,BDType,DID)
VALUES
(15,'ค่าน้ำ', 19,1,8);
INSERT INTO BILLDETAIL (BDID,BName,BDPrice,BDType,DID)
VALUES
(16,'ค่าไฟฟ้า', 6,2,8);
INSERT INTO BILLDETAIL (BDID,BName,BDPrice,BDType,DID)
VALUES
(17,'ค่าน้ำ', 20,1,9);
INSERT INTO BILLDETAIL (BDID,BName,BDPrice,BDType,DID)
VALUES
(18,'ค่าไฟฟ้า', 10,2,9);
INSERT INTO BILLDETAIL (BDID,BName,BDPrice,BDType,DID)
VALUES
(19,'ค่าน้ำ', 16,1,10);
INSERT INTO BILLDETAIL (BDID,BName,BDPrice,BDType,DID)
VALUES
(20,'ค่าไฟฟ้า', 9,2,10);
INSERT INTO BILLDETAIL (BDID,BName,BDPrice,BDType,DID)
VALUES
(21,'ค่าน้ำ', 18,1,11);
INSERT INTO BILLDETAIL (BDID,BName,BDPrice,BDType,DID)
VALUES
(22,'ค่าไฟฟ้า', 10,2,11);
INSERT INTO BILLDETAIL (BDID,BName,BDPrice,BDType,DID)
VALUES
(23,'ค่าน้ำ', 17,1,12);
INSERT INTO BILLDETAIL (BDID,BName,BDPrice,BDType,DID)
VALUES
(24,'ค่าไฟฟ้า', 8,2,12);
INSERT INTO BILLDETAIL (BDID,BName,BDPrice,BDType,DID)
VALUES
(25,'ค่าน้ำ', 16,1,13);
INSERT INTO BILLDETAIL (BDID,BName,BDPrice,BDType,DID)
VALUES
(26,'ค่าไฟฟ้า', 7,2,13);
INSERT INTO BILLDETAIL (BDID,BName,BDPrice,BDType,DID)
VALUES
(27,'ค่าน้ำ', 20,1,14);
INSERT INTO BILLDETAIL (BDID,BName,BDPrice,BDType,DID)
VALUES
(28,'ค่าไฟฟ้า', 8,2,14);
INSERT INTO BILLDETAIL (BDID,BName,BDPrice,BDType,DID)
VALUES
(29,'ค่าน้ำ', 15,1,15);
INSERT INTO BILLDETAIL (BDID,BName,BDPrice,BDType,DID)
VALUES
(30,'ค่าไฟฟ้า', 6,2,15);





 ADD_BILL(BID INT,ContractID INT,WATERUNIT INT,ELECTRICUNIT INT,StartDate DATE)





—-------------------------------------------INSERT BILL—----------------------------------------

EXEC ADD_BILL(1, 27, 2,92, TO_DATE('2023-09-14','YYYY-MM-DD'))
EXEC ADD_BILL(2, 13, 2,184, TO_DATE('2023-09-22','YYYY-MM-DD'))
EXEC ADD_BILL(3, 5, 2,107, TO_DATE('2023-09-30','YYYY-MM-DD'))
EXEC ADD_BILL(4, 34, 2,31, TO_DATE('2023-09-1','YYYY-MM-DD'))
EXEC ADD_BILL(5, 16, 9,80, TO_DATE('2023-09-1','YYYY-MM-DD'))
EXEC ADD_BILL(6, 28, 5,118, TO_DATE('2023-09-3','YYYY-MM-DD'))
EXEC ADD_BILL(7, 25, 2,156, TO_DATE('2023-09-15','YYYY-MM-DD'))
EXEC ADD_BILL(8, 20, 10,137, TO_DATE('2023-09-20','YYYY-MM-DD'))
EXEC ADD_BILL(9, 9, 7,156, TO_DATE('2023-09-30','YYYY-MM-DD'))
EXEC ADD_BILL(10, 22, 6,276, TO_DATE('2023-09-12','YYYY-MM-DD'))
EXEC ADD_BILL(11, 17, 2,250, TO_DATE('2023-09-13','YYYY-MM-DD'))
EXEC ADD_BILL(12, 31, 5,71, TO_DATE('2023-09-11','YYYY-MM-DD'))
EXEC ADD_BILL(13, 15, 10,250, TO_DATE('2023-09-19','YYYY-MM-DD'))
EXEC ADD_BILL(14, 3, 1,182, TO_DATE('2023-09-12','YYYY-MM-DD'))
EXEC ADD_BILL(15, 12, 9,80, TO_DATE('2023-09-14','YYYY-MM-DD'))
EXEC ADD_BILL(16, 6, 6,186, TO_DATE('2023-09-27','YYYY-MM-DD'))
EXEC ADD_BILL(17, 21, 1,118, TO_DATE('2023-09-10','YYYY-MM-DD'))
EXEC ADD_BILL(18, 32, 3,234, TO_DATE('2023-09-13','YYYY-MM-DD'))
EXEC ADD_BILL(19, 19, 7,141, TO_DATE('2023-09-19','YYYY-MM-DD'))
EXEC ADD_BILL(20, 26, 7,261, TO_DATE('2023-09-3','YYYY-MM-DD'))
EXEC ADD_BILL(21, 2, 9,60, TO_DATE('2023-09-20','YYYY-MM-DD'))
EXEC ADD_BILL(22, 29, 8,133, TO_DATE('2023-09-12','YYYY-MM-DD'))
EXEC ADD_BILL(23, 24, 9,198, TO_DATE('2023-09-10','YYYY-MM-DD'))
EXEC ADD_BILL(24, 7, 8,210, TO_DATE('2023-09-2','YYYY-MM-DD'))
EXEC ADD_BILL(25, 11, 6,245, TO_DATE('2023-09-23','YYYY-MM-DD'))
EXEC ADD_BILL(26, 14, 6,100, TO_DATE('2023-09-18','YYYY-MM-DD'))
EXEC ADD_BILL(27, 10, 7,211, TO_DATE('2023-09-12','YYYY-MM-DD'))
EXEC ADD_BILL(28, 18, 8,119, TO_DATE('2023-09-20','YYYY-MM-DD'))
EXEC ADD_BILL(29, 8, 2,41, TO_DATE('2023-09-15','YYYY-MM-DD'))
EXEC ADD_BILL(30, 4, 3,229, TO_DATE('2023-09-10','YYYY-MM-DD'))
EXEC ADD_BILL(31, 23, 2,279, TO_DATE('2023-09-3','YYYY-MM-DD'))
EXEC ADD_BILL(32, 30, 7,149, TO_DATE('2023-09-25','YYYY-MM-DD'))
EXEC ADD_BILL(33, 1, 8,180, TO_DATE('2023-09-1','YYYY-MM-DD'))
EXEC ADD_BILL(34, 35, 6,288, TO_DATE('2023-09-24','YYYY-MM-DD'))
EXEC ADD_BILL(35, 33, 5,233, TO_DATE('2023-09-5','YYYY-MM-DD'))
EXEC ADD_BILL(36, 27, 5,252, TO_DATE('2023-10-17','YYYY-MM-DD'))
EXEC ADD_BILL(37, 7, 3,51, TO_DATE('2023-10-15','YYYY-MM-DD'))
EXEC ADD_BILL(38, 16, 4,266, TO_DATE('2023-10-14','YYYY-MM-DD'))
EXEC ADD_BILL(39, 1, 5,45, TO_DATE('2023-10-22','YYYY-MM-DD'))
EXEC ADD_BILL(40, 32, 4,77, TO_DATE('2023-10-25','YYYY-MM-DD'))
EXEC ADD_BILL(41, 14, 8,236, TO_DATE('2023-10-25','YYYY-MM-DD'))
EXEC ADD_BILL(42, 12, 9,83, TO_DATE('2023-10-18','YYYY-MM-DD'))
EXEC ADD_BILL(43, 33, 8,25, TO_DATE('2023-10-9','YYYY-MM-DD'))
EXEC ADD_BILL(44, 2, 7,49, TO_DATE('2023-10-31','YYYY-MM-DD'))
EXEC ADD_BILL(45, 10, 9,99, TO_DATE('2023-10-5','YYYY-MM-DD'))
EXEC ADD_BILL(46, 11, 6,32, TO_DATE('2023-10-24','YYYY-MM-DD'))
EXEC ADD_BILL(47, 18, 9,58, TO_DATE('2023-10-19','YYYY-MM-DD'))
EXEC ADD_BILL(48, 21, 10,158, TO_DATE('2023-10-4','YYYY-MM-DD'))
EXEC ADD_BILL(49, 3, 1,114, TO_DATE('2023-10-24','YYYY-MM-DD'))
EXEC ADD_BILL(50, 19, 6,81, TO_DATE('2023-10-18','YYYY-MM-DD'))


—-------------------------------------------INSERT CONTRACT—----------------------------------------




EXEC ADD_Contract(1, TO_DATE('2022-10-15', 'YYYY-MM-DD'), TO_DATE('2023-10-15', 'YYYY-MM-DD'), 7000, 245, 24, 9, 4)
EXEC ADD_Contract(2, TO_DATE('2022-7-6', 'YYYY-MM-DD'), TO_DATE('2023-7-6', 'YYYY-MM-DD'), 7000, 499, 30, 2, 3)
EXEC ADD_Contract(3, TO_DATE('2022-7-20', 'YYYY-MM-DD'), TO_DATE('2023-7-20', 'YYYY-MM-DD'), 12000, 526, 1, 11, 3)
EXEC ADD_Contract(4, TO_DATE('2023-1-6', 'YYYY-MM-DD'), TO_DATE('2024-1-6', 'YYYY-MM-DD'), 14000, 724, 46, 8, 4)
EXEC ADD_Contract(5, TO_DATE('2022-2-19', 'YYYY-MM-DD'), TO_DATE('2023-2-19', 'YYYY-MM-DD'), 10000, 571, 47, 10, 1)
EXEC ADD_Contract(6, TO_DATE('2022-9-8', 'YYYY-MM-DD'), TO_DATE('2023-9-8', 'YYYY-MM-DD'), 14000, 361, 3, 13, 1)
EXEC ADD_Contract(7, TO_DATE('2023-5-18', 'YYYY-MM-DD'), TO_DATE('2024-5-18', 'YYYY-MM-DD'), 12000, 163, 11, 9, 3)
EXEC ADD_Contract(8, TO_DATE('2022-6-29', 'YYYY-MM-DD'), TO_DATE('2023-6-29', 'YYYY-MM-DD'), 13000, 533, 26, 6, 3)
EXEC ADD_Contract(9, TO_DATE('2022-1-27', 'YYYY-MM-DD'), TO_DATE('2023-1-27', 'YYYY-MM-DD'), 14000, 379, 46, 6, 1)
EXEC ADD_Contract(10, TO_DATE('2022-4-21', 'YYYY-MM-DD'), TO_DATE('2023-4-21', 'YYYY-MM-DD'), 12000, 802, 37, 7, 2)
EXEC ADD_Contract(11, TO_DATE('2022-3-29', 'YYYY-MM-DD'), TO_DATE('2023-3-29', 'YYYY-MM-DD'), 13000, 150, 18, 14, 1)
EXEC ADD_Contract(12, TO_DATE('2023-10-3', 'YYYY-MM-DD'), TO_DATE('2024-10-3', 'YYYY-MM-DD'), 11000, 228, 17, 5, 3)
EXEC ADD_Contract(13, TO_DATE('2023-1-24', 'YYYY-MM-DD'), TO_DATE('2024-1-24', 'YYYY-MM-DD'), 11000, 393, 17, 11, 1)
EXEC ADD_Contract(14, TO_DATE('2022-3-14', 'YYYY-MM-DD'), TO_DATE('2023-3-14', 'YYYY-MM-DD'), 8000, 548, 48, 2, 1)
EXEC ADD_Contract(15, TO_DATE('2023-6-1', 'YYYY-MM-DD'), TO_DATE('2024-6-1', 'YYYY-MM-DD'), 7000, 130, 37, 14, 2)
EXEC ADD_Contract(16, TO_DATE('2023-5-29', 'YYYY-MM-DD'), TO_DATE('2024-5-29', 'YYYY-MM-DD'), 12000, 742, 20, 8, 4)
EXEC ADD_Contract(17, TO_DATE('2023-5-18', 'YYYY-MM-DD'), TO_DATE('2024-5-18', 'YYYY-MM-DD'), 9000, 781, 45, 6, 3)
EXEC ADD_Contract(18, TO_DATE('2023-9-7', 'YYYY-MM-DD'), TO_DATE('2024-9-7', 'YYYY-MM-DD'), 14000, 750, 14, 14, 2)
EXEC ADD_Contract(19, TO_DATE('2022-10-8', 'YYYY-MM-DD'), TO_DATE('2023-10-8', 'YYYY-MM-DD'), 7000, 844, 49, 8, 1)
EXEC ADD_Contract(20, TO_DATE('2023-7-20', 'YYYY-MM-DD'), TO_DATE('2024-7-20', 'YYYY-MM-DD'), 8000, 860, 42, 5, 3)
EXEC ADD_Contract(21, TO_DATE('2023-11-22', 'YYYY-MM-DD'), TO_DATE('2024-11-22', 'YYYY-MM-DD'), 14000, 324, 22, 15, 4)
EXEC ADD_Contract(22, TO_DATE('2022-7-7', 'YYYY-MM-DD'), TO_DATE('2023-7-7', 'YYYY-MM-DD'), 6000, 995, 18, 7, 4)
EXEC ADD_Contract(23, TO_DATE('2023-10-13', 'YYYY-MM-DD'), TO_DATE('2024-10-13', 'YYYY-MM-DD'), 5000, 636, 49, 9, 4)
EXEC ADD_Contract(24, TO_DATE('2022-6-23', 'YYYY-MM-DD'), TO_DATE('2023-6-23', 'YYYY-MM-DD'), 9000, 223, 31, 11, 4)
EXEC ADD_Contract(25, TO_DATE('2023-8-15', 'YYYY-MM-DD'), TO_DATE('2024-8-15', 'YYYY-MM-DD'), 9000, 909, 12, 4, 1)
EXEC ADD_Contract(26, TO_DATE('2022-4-30', 'YYYY-MM-DD'), TO_DATE('2023-4-30', 'YYYY-MM-DD'), 7000, 576, 50, 1, 2)
EXEC ADD_Contract(27, TO_DATE('2022-3-14', 'YYYY-MM-DD'), TO_DATE('2023-3-14', 'YYYY-MM-DD'), 12000, 874, 39, 13, 4)
EXEC ADD_Contract(28, TO_DATE('2022-2-9', 'YYYY-MM-DD'), TO_DATE('2023-2-9', 'YYYY-MM-DD'), 7000, 489, 12, 14, 4)
EXEC ADD_Contract(29, TO_DATE('2022-9-24', 'YYYY-MM-DD'), TO_DATE('2023-9-24', 'YYYY-MM-DD'), 9000, 666, 11, 3, 1)
EXEC ADD_Contract(30, TO_DATE('2022-11-9', 'YYYY-MM-DD'), TO_DATE('2023-11-9', 'YYYY-MM-DD'), 8000, 779, 34, 1, 1)
EXEC ADD_Contract(31, TO_DATE('2023-2-1', 'YYYY-MM-DD'), TO_DATE('2024-2-1', 'YYYY-MM-DD'), 12000, 258, 49, 7, 3)
EXEC ADD_Contract(32, TO_DATE('2023-5-13', 'YYYY-MM-DD'), TO_DATE('2024-5-13', 'YYYY-MM-DD'), 7000, 861, 47, 7, 3)
EXEC ADD_Contract(33, TO_DATE('2022-8-14', 'YYYY-MM-DD'), TO_DATE('2023-8-14', 'YYYY-MM-DD'), 6000, 114, 14, 12, 2)
EXEC ADD_Contract(34, TO_DATE('2023-8-15', 'YYYY-MM-DD'), TO_DATE('2024-8-15', 'YYYY-MM-DD'), 7000, 302, 45, 2, 4)
EXEC ADD_Contract(35, TO_DATE('2023-5-30', 'YYYY-MM-DD'), TO_DATE('2024-5-30', 'YYYY-MM-DD'), 8000, 195, 27, 14, 3)

